86497de2-e967-4903-9315-23f71fdde489;gsdfgs0;sdgfsdfg;18-50, 03 April, 2023;None 
f3d9f874-f914-4e67-8ae2-3bfd5ed66037;gsdfgs1;sdgfsdfg;18-50, 03 April, 2023;None 
3750cb24-a4db-40e1-ad27-f346d4527fc4;gsdfgs2;sdgfsdfg;18-50, 03 April, 2023;None 
d130ad1f-791f-4780-b419-dc491eca7e14;gsdfgs3;sdgfsdfg;18-50, 03 April, 2023;None 
5ff28e6a-fb18-41ba-b120-1becbe8df6a5;gsdfgs4;sdgfsdfg;18-50, 03 April, 2023;None 
12763e09-9602-4089-a899-8a0b1a864785;gsdfgs5;sdgfsdfg;18-50, 03 April, 2023;None 
1e819003-bf9b-4c63-93a4-dd169e8da056;gsdfgs6;sdgfsdfg;18-50, 03 April, 2023;None 
5906e323-9604-4a77-a0ab-fbd49e1b2386;gsdfgs7;sdgfsdfg;18-50, 03 April, 2023;None 
d827177f-c399-432d-9eba-89ab84a481a0;gsdfgs8;sdgfsdfg;18-50, 03 April, 2023;None 
39b99183-753a-4c63-bac0-c7678beb9849;gsdfgs9;sdgfsdfg;18-50, 03 April, 2023;None 
